username,email,original_password
tknight,davidsmall@example.com,504973
gcook,glester@example.org,064054
knightrobert,zmiller@example.com,253032
rebeccamorales,qmartinez@example.org,253839
keithamber,yharris@example.org,378865
brentarroyo,michelle10@example.net,555613
trevinoryan,phylliswashington@example.net,860949
ohowell,riosrenee@example.com,663979
barbararowland,mhines@example.org,915547
jean26,isabellajohnson@example.org,832839
pereztroy,dawnjones@example.org,819221
christopher37,thorntondavid@example.net,595128
denisemcdonald,ccarpenter@example.com,141589
michael97,jason68@example.org,268181
jessica66,timothyturner@example.net,125678
hholmes,zachary29@example.org,519216
zachary18,rogerolson@example.net,962900
yhouston,christinemooney@example.com,913617
ericwise,ccharles@example.net,906349
gboone,myersjasmine@example.net,564364
alisha79,mcdowelltheresa@example.com,171888
ramospaul,gordon89@example.net,147467
veronicajacobs,deleonbarbara@example.org,032281
williamscaitlin,david43@example.com,285333
kingmargaret,steve77@example.com,625726
kmoran,melissa17@example.net,474661
kwoodard,nsparks@example.net,348650
jamie62,mitchellbarber@example.net,405980
acostamatthew,jennifer91@example.net,765114
john09,katiemaldonado@example.org,089903
tcasey,mackenzieharrell@example.org,510816
alan18,brittany42@example.net,491772
benjamin94,albert58@example.com,525206
travisgonzalez,susandavis@example.net,392287
collinssherry,gilbert32@example.net,950231
harrisnicholas,joshua28@example.net,357452
brennangail,perrybrian@example.org,077357
matthewwalker,gomezrebecca@example.org,457080
eugene34,cynthia32@example.net,980433
lloydamber,ddavis@example.com,484932
keithharris,smithvincent@example.org,477301
william42,mpowell@example.org,752741
marvin23,olivia75@example.org,148055
ashley02,ygonzalez@example.net,998746
robertrice,leemurphy@example.com,144083
anthonysmith,dennis26@example.net,911734
iholloway,piercejohn@example.net,251900
myoung,ehansen@example.net,841651
davidtorres,eric29@example.com,184525
brittany61,kirbybrian@example.com,997433
bmartin,megan37@example.com,516487
nicole91,heidi24@example.org,227623
munozkathleen,snelson@example.com,611395
susansalinas,johnrogers@example.com,479187
cynthiaterry,rhopkins@example.com,525152
fperkins,porr@example.org,106399
yturner,lsmith@example.net,918015
lindsaycox,paul51@example.net,260617
lejoanne,christinemorris@example.org,369636
meagan05,julie87@example.net,336721
huntersmith,josephdavis@example.com,357911
mcintoshjoel,jasonlawrence@example.net,635557
westjulia,aguilarrobert@example.org,005499
stevenbuckley,christinehall@example.net,677357
qrodriguez,fullerpaul@example.org,487167
phillipscharles,pharris@example.net,043706
heididuncan,nicholasgutierrez@example.org,218127
michaelferguson,pporter@example.com,655084
wgonzales,adrian69@example.com,499244
jeffreyjohnson,bakerdouglas@example.com,622401
benjamin67,hallkelli@example.org,038803
mmartin,wwilliams@example.com,225627
daniellebrown,hurleykaren@example.com,189153
sandra02,benjamin94@example.net,446589
david09,plester@example.com,439701
michael36,jill62@example.org,924456
armstronglawrence,henrytodd@example.org,289131
xmaxwell,medinachristopher@example.org,566671
tjacobs,barbara37@example.net,739983
marystephenson,adavis@example.org,019578
vbell,dthompson@example.org,364069
sharon57,igarcia@example.org,908091
walshanthony,brianna08@example.org,156343
david99,hoovereric@example.com,296595
courtneywalker,cameronmorgan@example.org,446338
michaelgalloway,wanda78@example.org,680939
miranda58,kimberly38@example.com,858693
ifritz,lopezchad@example.org,368870
williamscrystal,william50@example.net,850637
kimberly55,alexanderrobert@example.net,067772
lisatucker,sabrinabrooks@example.com,352855
ramirezpaula,bryannelson@example.org,490487
ipowell,jesse42@example.org,905749
cynthia67,thomas50@example.net,851481
lorraine52,joelhudson@example.org,279558
mariaspencer,amanda15@example.org,865446
carol00,georgeleach@example.com,877193
francis10,shannongonzalez@example.com,151477
terryheather,anita22@example.net,403093
andrew39,joelhopkins@example.org,930387
