1,YueYu,$2b$12$krQ70i5zbQkLIpuIxgFgseKPCpQtDYO.IxsuOyXTdQ8Jxmsd/4xBm,yueyu@example.com,2024-10-01 08:06:14,active
2,iflynn,$2b$12$M32Itcbe/WoBfNVDy82m/u7O2NEfOkD0/.saQUhP/YOAz7klSmT5S,markfigueroa@example.org,2024-10-14 07:21:49,active
3,mary54,$2b$12$wqtj99m/a0DPqCaicD/SQO9S9AbF8H5KGXzUmc/VywXN0fR65d2si,harveyeric@example.org,2024-08-29 00:43:56,active
4,ethan86,$2b$12$d3aHSx2729cyi1KHLALj8uRyUnCmB515moe.ln3n9A.PAUrN4osla,iaguirre@example.com,2024-08-20 10:46:23,active
5,anthony43,$2b$12$JMk8lXpjM0ip5ToV0JrnKOKmJJbK41mVpMxAWiGxhjPIou.RPP89S,ecowan@example.com,2024-10-06 21:13:21,active
6,francisco78,$2b$12$tOhZuwzr8J62EGPI1I1ia.B.l1XG.wj/0piKwnV47.G4M385OP.3m,david65@example.net,2024-11-06 19:12:16,active
7,jason10,$2b$12$cvzAywi4oPKXZc79iPU9Yur5Lgca1Z6Za2i0fzCGWNFRjE6l13Jzy,penasherry@example.org,2024-08-06 18:03:43,active
8,haynesbrianna,$2b$12$nXqM.vSDhX2qMNsY7QoHMeIhwNJqYN.XSKNmyQrfN4vnLOP9AtufG,brianwilson@example.org,2024-01-23 13:21:49,active
9,fmendoza,$2b$12$aMIuz6tsctVVkO.50uvPQeXsyYqEZ/YbSi.XJ0JFEVorIQ2QPHtVG,aguilarrichard@example.com,2024-04-19 16:33:22,active
10,kayla23,$2b$12$YRFYEX87kQUKZ67Bt34GsO6DV4VwmK.xvDMScmHEWx4xZfGiX7noi,juliebarron@example.net,2024-09-29 02:04:10,active
