1,tknight,$2b$12$FGf8WmqhOsMcGn/ugZN2DOkIdonQ.wZnBTdlgtGmq46VAYPqDvpMG,davidsmall@example.com,821.883.5645,"76296 Kenneth Road
West Paulview, OK 37718",2024-03-07 11:53:04,active
2,gcook,$2b$12$GGBTD30fsLNQpkvk4BsA.OEvvcQXPWXyl2Ah14QdOSIw1i5bepezS,glester@example.org,+1-490-743-4792,"609 Brian Forge Apt. 263
Grahamtown, TX 34046",2024-03-28 19:47:24,active
3,knightrobert,$2b$12$ElkHjlslI197xvdt8oGv2e9guR8KKRftmpC33VWAM/hCCqZSYOSBK,zmiller@example.com,+1-213-264-6362,"66087 Vazquez Flats
Lake Ryan, NC 85117",2024-06-28 23:25:53,active
4,rebeccamorales,$2b$12$fNAE.t4.zSBdjB1WacwLNe7B9sCMBeICna8e3pejxWniflRRTRB0a,qmartinez@example.org,8072983372,"42623 Robert Club Suite 915
Lake James, HI 88844",2024-06-24 20:42:43,active
5,keithamber,$2b$12$l9GJseyUib8B7g.4gku4Peb3DXDnRcir2NPNVok82OSExI.bs/f/K,yharris@example.org,659.639.7636,"093 Brown Prairie
Colemanfurt, WY 33449",2024-03-13 22:52:47,active
6,brentarroyo,$2b$12$DJxLcC5HvYXHSvhDIRDHQuTwcmZ86p/9q5fIzRKNKOKqvavLTzr0i,michelle10@example.net,712-243-2420,"3701 Megan Keys
North Jonathanport, ND 92574",2024-11-19 02:42:50,active
7,trevinoryan,$2b$12$v46vCbBkgP0JQLJDF51.Ler661u55id9Y/ZhPdadDQboiyTCeAMQy,phylliswashington@example.net,001-478-591-577,"2658 Hatfield Lakes Suite 800
South Dawn, ID 48661",2024-07-20 13:09:12,active
8,ohowell,$2b$12$Kk.Az1pnHWSMeCe8yJ4Mye6Euj1gGBbunNCN./Jmtpb3JivoaqjhO,riosrenee@example.com,5192646178,"14172 Michael Canyon Suite 998
Reeseburgh, WV 71189",2024-10-18 07:12:35,active
9,barbararowland,$2b$12$IkpXHkeSgeh2IaEBsNi70O2t7cO78fWpd3AEdOY4Mj4l9GuwX4O0.,mhines@example.org,+1-720-245-9819,"PSC 3736, Box 6665
APO AA 02359",2023-12-23 22:14:07,active
10,jean26,$2b$12$c..JXh9yjp.ViR/ozAXNcezr2jDP3pZ8VYpOW0Ze6OtFdgFF0nVje,isabellajohnson@example.org,936.484.2447x24,"3216 Jensen Village Suite 649
Lake Paige, MS 66329",2024-05-14 23:55:01,active
11,pereztroy,$2b$12$V9LOsmBmtDh/rVv2poZeE.7au9KlTuZ.aFMxuHZHbfNqxp.FqKZ5u,dawnjones@example.org,001-350-951-476,"3841 Smith Circles Apt. 460
Lake Mary, MO 09143",2024-10-26 06:34:12,active
12,christopher37,$2b$12$9BWXXsaheLJu.thENrlNj.FBTsDQfOpeWTT.l65smidbf7o1ELay2,thorntondavid@example.net,496.455.0173,"9562 Michael Shoals
Morganberg, MH 88895",2024-05-10 04:45:26,active
13,denisemcdonald,$2b$12$ZECJGWurLO3.3huU97ZoYufm3ctwKBClQqc5CqpjKf.dzPAP1pY3W,ccarpenter@example.com,638.491.0597x65,"83536 Sophia Mount
East Brandon, SC 40360",2024-03-20 16:48:42,active
14,michael97,$2b$12$UZTwKd2Yddzp.uhvJercWujEjtA5dXRPeSMKUW.btDInEuCvUDk4q,jason68@example.org,(691)330-3814x7,"2443 Chase Dale Apt. 625
Alicialand, MS 38528",2024-07-07 17:01:48,active
15,jessica66,$2b$12$vPG/ecNQre/lqS5W4VYdpOngQc00SZYN3EFb2fR5VGPuN7Ke9XMe2,timothyturner@example.net,(401)782-8171x1,"USS Hill
FPO AA 48972",2024-10-16 00:54:32,active
16,hholmes,$2b$12$GP1dsN6U0pvNe6Wef7Yw2.jhLeonomSUKSxkwI1hvRkU/Y.jPSIH2,zachary29@example.org,574.574.3876x37,"647 Rojas Overpass
New Andreaview, MO 88580",2024-03-01 15:50:13,active
17,zachary18,$2b$12$ruLPbMgwAfArt1UJ4J4.wuR5Jdk55DjVRmD4ASBmOskc/aVKjgZdy,rogerolson@example.net,729-717-7124x60,"5815 Alvarez Turnpike Apt. 259
Williamland, OK 18265",2024-05-21 12:16:57,active
18,yhouston,$2b$12$V57jjfRdCMTVyFAG3sUx2.FCwzyIZdr4VH0IiQm8lkB8F.5uAjb/i,christinemooney@example.com,+1-694-218-5423,"4198 Bennett Spring Apt. 812
North Jared, AS 70257",2024-10-12 16:13:06,active
19,ericwise,$2b$12$WpRyQ5v/WmvfJ28lAFMIkeORePWu.Y2oy8RQ82G/CSf0Y3piZj3Iq,ccharles@example.net,480.896.9813x60,"9324 Shelia Forges Apt. 345
Jamieborough, VA 15644",2024-07-01 07:28:06,active
20,gboone,$2b$12$dh8j0Z5nCFYq3zoUYkwdGuTpNnHcrwxdSWX5Mg2f6l65llcaeTGDG,myersjasmine@example.net,5044256607,"06919 Diane Locks Apt. 217
Hamptonview, IL 73409",2024-09-05 09:24:50,active
21,alisha79,$2b$12$Kq76dYiXjGMX0GYSoH6pg.6HoePMxyvRZCrFx9L2uYH7Phcf.AZie,mcdowelltheresa@example.com,895.257.4244x01,"550 Angela Flat Suite 687
Krystalton, AL 15618",2024-10-31 05:36:11,active
22,ramospaul,$2b$12$AsgfjJ9merAOU.aw3mKy9uQ/9Uaco8z.V9vmIZs2o5Ie1Y./dG4Qu,gordon89@example.net,(621)312-6106,"64316 Long Villages
East Baileyberg, IN 18820",2024-02-28 13:24:18,active
23,veronicajacobs,$2b$12$JQoKE6FIaFXMzNHIoOCdyeJYwWneiU5fGk3COA4dC4RZgp1uRziwq,deleonbarbara@example.org,269-894-6995x15,"6843 Williams Villages Apt. 293
North Michael, NC 63607",2024-05-23 03:20:51,active
24,williamscaitlin,$2b$12$fir/UaRu.fwDa.QTNUmwOOob6kPaiaj09OfceiuqB6.b8G8cA3.42,david43@example.com,+1-996-996-8411,"4739 Bennett Glens Suite 201
Joshuaton, UT 66705",2024-02-02 01:39:53,active
25,kingmargaret,$2b$12$EzUJ01aTP.f6hq80Y.9QFOejoi9lpsznr5Lbov6.1OK5sHJQhKXA6,steve77@example.com,782-416-1077,"77366 Cline Lodge
West Johnborough, VT 75945",2023-12-19 00:29:05,active
26,kmoran,$2b$12$4LnB4N6KpaXCiGk1waFwEuHqdPVjXB/l4X9teZyny24ZlyJvfV75u,melissa17@example.net,370-741-6392x12,"54784 Pugh Skyway Suite 003
Lyonsside, PA 31160",2023-12-19 04:52:27,active
27,kwoodard,$2b$12$F1tFxDZuZXqLERsHVP0NZ.uhpLlKkkGbIpncqdR3pdwt.qdeADoPy,nsparks@example.net,(559)643-0745x5,"793 Roth Flat
Holtstad, KY 55254",2024-01-10 03:16:47,active
28,jamie62,$2b$12$1q6EUwEM.Y2ueZ4QA0W71.rDUPcHO6BACXnYq.YffIazXwsFnVxDW,mitchellbarber@example.net,705.533.8284x61,"695 Crawford Stravenue
Jacobhaven, IN 19684",2024-05-20 12:44:12,active
29,acostamatthew,$2b$12$0OzDl2RMK6pBrUBDEtjtqOJfAdfp/KS9suOlwmRAecDV4wWe8XK4O,jennifer91@example.net,(372)786-3118,"28352 Wyatt Route Apt. 599
Richardside, NV 21993",2024-03-03 08:03:15,active
30,john09,$2b$12$hoyZlrib1540BwIvromUZ./cS6vNvwVfSx2sFHJZo7XudIPzGmdwS,katiemaldonado@example.org,7815736324,"41999 Christie Ports
South Barbara, WV 46492",2024-04-20 08:46:32,active
31,tcasey,$2b$12$8.jODZE08r9KSX1gChBfg.kshkBTXcNAvfBlsFSo/I1COMDGUC.PO,mackenzieharrell@example.org,259-403-1196,"08732 Bass Meadows
Nicholstown, MD 68718",2024-07-19 00:01:22,active
32,alan18,$2b$12$k940/N4gypZHgkiJWEbDF.HvYbFITEUbo1iE5z.tEAzp1QH/48Ndi,brittany42@example.net,495.718.0154x23,"69856 Pam Mission Suite 590
Keithview, AZ 81077",2024-01-27 05:52:32,active
33,benjamin94,$2b$12$PAewuFDKrxBncow2am.cmuIXjyx6BRRKPhfuVLlFwc5K8u.ZuUSUi,albert58@example.com,2919558819,"Unit 6756 Box 4528
DPO AA 14989",2024-04-23 10:06:21,active
34,travisgonzalez,$2b$12$wgS1yrFKCbpnv1NFtyVGquk0gtb7r4NQELmMX2pflezTzOJy/eJVy,susandavis@example.net,+1-372-422-7047,"0415 Macdonald Forges
Schmidthaven, SD 89696",2024-07-29 11:44:27,active
35,collinssherry,$2b$12$5dWgCnuxdJXKU26U6IiVgOSJle0QvzE5ZAZZhNLM7niFmaXYOlCzm,gilbert32@example.net,830.481.1071,"8702 Williams Trail
Meadowsberg, NC 80864",2024-07-14 22:32:25,active
36,harrisnicholas,$2b$12$nwhykFCcpIlI5x4VGHS0je/RKLHgbZqTMiMVaJKjl2LY8Zgn/eXWC,joshua28@example.net,+1-258-623-0122,"8369 Alexis Neck
Ingramshire, IA 26165",2024-01-18 14:17:39,active
37,brennangail,$2b$12$3KBO3X7Tc3Cu4EYMnHJW8.5Gg21uxtN3hout17vCtKcWvaKLZ9i.i,perrybrian@example.org,(802)986-5428x2,"1256 Bryan Spurs
Davidshire, PA 20407",2024-03-31 05:29:28,active
38,matthewwalker,$2b$12$ukVeG7eyTG5rCpqv7LaClek/33leOLTennaWoYpoulFHCMUYVd0ti,gomezrebecca@example.org,296.341.6565x70,"38242 Lowe Throughway
Stacyborough, GA 21718",2024-01-08 03:52:59,active
39,eugene34,$2b$12$HT8C23CNTagXgb2Hm523zeeeBof4ey289VD2vDQq9nEbqwKfwJK7m,cynthia32@example.net,001-785-515-571,"USCGC Griffin
FPO AE 80860",2024-08-07 00:19:36,active
40,lloydamber,$2b$12$1JwSvi1sB.HBSNBpO/sesO6P6uHU3yDC5yD8mN4TKS4xq/dDwswpK,ddavis@example.com,271-744-9060x40,"3968 Lauren Forges
Choimouth, CA 77834",2024-10-28 02:45:06,active
41,keithharris,$2b$12$AabfHYvUfjyP.R9lBnBWnOXJlqzQThK/K8eQZhqBcjWud9NuQt0dG,smithvincent@example.org,(984)597-8884x0,"6836 Christopher Centers
West Troyburgh, AR 84406",2024-01-05 04:39:31,active
42,william42,$2b$12$8vyxU.ek3CXGEDSnrPtJMeVUXzM8ctMFwAO/dOC7NCiHSPGKwakdG,mpowell@example.org,685-722-0935x52,"24198 Amber Harbor Apt. 106
New Desiree, WV 84607",2024-09-29 18:04:53,active
43,marvin23,$2b$12$wzrQhsGcUZ/CtEXYOjsRkebwQNbu6q6y3I5xIOMqTyBsTrubhPeIK,olivia75@example.org,+1-776-952-0486,"35643 Nathan Key
Pinedamouth, GU 95714",2024-02-01 20:41:33,active
44,ashley02,$2b$12$dRVETmk1vAwvtakq6TyB1uZYDfkQxBBQ5QZfbv6EhFhCFL/Z9pN7e,ygonzalez@example.net,697.987.8415x43,"PSC 6264, Box 8006
APO AA 18063",2024-11-25 22:41:35,active
45,robertrice,$2b$12$HpID3wA1Pot0Qq8d33.3.Oamw2mDcyuLXOP24erKqnIIXdEBLkH9a,leemurphy@example.com,7963749445,"Unit 4343 Box 5195
DPO AP 43031",2024-04-10 05:06:41,active
46,anthonysmith,$2b$12$RFoOradwHXwHy38tvQSmAudXoXpRMW6zrHxvzUN1RsU/Nv8FFOOJ2,dennis26@example.net,001-220-335-107,"507 Spencer Locks Suite 128
Grayville, WA 59645",2024-10-01 06:39:19,active
47,iholloway,$2b$12$VBvv9Zwc/swoQzqrukhtAelqK9q/5jMqlH1wG6GUiBOxtcA.pc9k.,piercejohn@example.net,699-946-9645x77,"9045 Veronica Forest
Andersonmouth, DC 16136",2024-03-01 01:42:56,active
48,myoung,$2b$12$hIVchfaohb7f2k9RTh5AMuE.uxWFbQnxf.G0T3SxthjEB0z9J5GtO,ehansen@example.net,(779)334-7564,"723 Walker Street Suite 936
Lake James, IA 15439",2024-01-24 17:39:01,active
49,davidtorres,$2b$12$w5Hf2Xxc6tJaQgw4xvsBxeGEsGUscR4kn.cLSitN7Vq96doUigxBa,eric29@example.com,957.597.4211,"18454 Duarte Land Suite 089
Michaelhaven, WV 74379",2024-01-15 03:25:14,active
50,brittany61,$2b$12$dl2ORv6n9aThaKeRYbFiD.V4PvWBfrsNU0WzDqblljczGqDabBXY2,kirbybrian@example.com,+1-832-583-4108,"426 Wu Ridge
Boonemouth, UT 95371",2024-06-09 22:40:20,active
51,bmartin,$2b$12$WOoBvnFt.G9fkdcnO6v43uMOFN540fLKnT0OWlQKAa7Z9sJtT.mr2,megan37@example.com,+1-548-540-9378,"06488 Bryant Brooks
North Ravenville, WI 89224",2024-01-18 02:57:28,active
52,nicole91,$2b$12$RggdQBLVnU/Sl49krTFCVOhsyaREZdyAKAUnPpDyBQ79ALSEXxNM6,heidi24@example.org,8803813903,"8682 Hernandez Square Apt. 154
South Georgemouth, MN 43803",2024-07-26 10:05:31,active
53,munozkathleen,$2b$12$/OqhYyIM.qLen9SgVjQZS.CJqXglciiquFErmCR0tNbazoXSZH9IG,snelson@example.com,752-485-8787,"1979 Christopher Pines Suite 892
Sallyshire, CO 19523",2023-12-27 09:54:39,active
54,susansalinas,$2b$12$zZZsWjffRZojE1T9kFhIJOdNNGOnzeQZXnIXWT.7b721v5WZarMBa,johnrogers@example.com,001-286-799-216,"5172 Daniel Mount
Lake Alison, MH 62755",2024-08-11 23:51:58,active
55,cynthiaterry,$2b$12$MCjtma2fStkr3jb2oNIYD.bZtvGisAjrt9sXI7ZZrCfJ5xrmGdKiK,rhopkins@example.com,380-402-7804x57,"0594 Jones Meadows
South Matthewhaven, AS 28383",2024-09-06 04:10:49,active
56,fperkins,$2b$12$QAjEB1CmSW4iYtZxNH1ar.qdimh9xb1u//bjJ2pFijHwTxp34UETi,porr@example.org,914.355.6885x01,"31964 Erica Terrace
Lake Georgeberg, WV 57342",2024-10-07 12:45:34,active
57,yturner,$2b$12$jNg8F.J24bo/Y5nuxaMYvepxIcibb.5fTftznifxpKvQOXCg.s83C,lsmith@example.net,(735)568-4773x9,"PSC 6730, Box 2722
APO AP 27582",2024-04-05 16:55:55,active
58,lindsaycox,$2b$12$meEptzXWH87KJrEsgdaELeJVR29UsyY6k6K9NmKRxbhKeN18Ckhbq,paul51@example.net,+1-448-589-3318,"4075 Morris Crossroad Apt. 356
North Brandymouth, WV 26693",2024-09-25 23:46:29,active
59,lejoanne,$2b$12$1Ixp4pr4VWYS.K6bNZeDrudiJA/JZlelmHMTl.yFKJsWYNJmeLC/e,christinemorris@example.org,(916)782-0281,"329 Mendez Streets Suite 315
Rebeccaburgh, TX 39403",2024-09-27 06:53:13,active
60,meagan05,$2b$12$yhVLOZnQg07DHO4yCY0SCujCC./Mwz7TbjuqdqrQvpFJsHP0Zo4nS,julie87@example.net,(884)962-1357,"1500 Johnson Court Apt. 845
North Frances, MN 37688",2024-08-17 04:49:34,active
61,huntersmith,$2b$12$.GzT2L8tOSCxPWY3tylCeev9GY6EyepUzMTOusYYUViwsd5/s1F0e,josephdavis@example.com,001-338-672-985,"870 Hall Highway
West Erikaborough, MA 86947",2024-04-03 13:55:42,active
62,mcintoshjoel,$2b$12$s0dPO4TFo69VzaHsYFoy.uk797CQw5rBQjyivAxccCLqURA4/cEfS,jasonlawrence@example.net,8286226156,"99622 Gary Land Apt. 977
Jennifershire, NM 48485",2024-10-16 17:41:24,active
63,westjulia,$2b$12$J4A1LqRRkGLfnfl6toZ0uePFtI7xq6x/WxHHbN8UuBXQRZLxg/sIy,aguilarrobert@example.org,655-254-2551x84,"82765 Brandon Viaduct
Cardenasfort, KY 86935",2024-01-26 04:30:40,active
64,stevenbuckley,$2b$12$lEsZnJ1/Gtmh3fktgpqXmeCKRVR3t3H6ryi19hgggRcaA.IdZj9NO,christinehall@example.net,311-494-0591,"1372 Barbara Plains
Manuelland, NC 18804",2024-02-28 15:37:23,active
65,qrodriguez,$2b$12$QecyvlidDd3Trt8l5ePNVOqriSGwjYODbuvSXk1MkZm8HLk.7JUky,fullerpaul@example.org,(770)748-4958x0,"PSC 4240, Box 8690
APO AA 62595",2024-01-18 13:59:54,active
66,phillipscharles,$2b$12$hPOYzW8wNVzXMz.0fD5dfOumkLhXP3vUfmu8LNaeiorks8mbrVg2a,pharris@example.net,406-701-1760,"5657 Lucas Village
Brooksside, MT 40399",2024-06-30 19:44:01,active
67,heididuncan,$2b$12$3pUCSzSO3Io6ZJlVY4KA/ehTFHj/A2A2Mpn7eUetoCPJbvSOOIJza,nicholasgutierrez@example.org,001-229-208-364,"6901 Lewis Overpass Suite 548
Robertburgh, MN 85012",2024-09-28 15:36:35,active
68,michaelferguson,$2b$12$irjbC7O19VuEJzAaF1cdm.X.fEICWv01gNum4QKQYqD.WEiyIsvvy,pporter@example.com,(945)739-8129,"780 Perez Ridge
Martinchester, NJ 85794",2024-03-21 01:47:50,active
69,wgonzales,$2b$12$cpTtJlDs5H.z3XyiUqnXq.d92nIgBYwRkYe/hSdaBlV5DYpMqe036,adrian69@example.com,+1-664-503-7571,"754 Meyer Knolls Suite 970
New Jeremiah, MT 84790",2024-03-04 07:41:03,active
70,jeffreyjohnson,$2b$12$tSaz1rZA/W9sh4P/hwapYOmhKnwIKlYPwNy.O0gC87NVJh4EhoZAi,bakerdouglas@example.com,001-388-528-572,"393 Esparza Fork Apt. 093
Scottside, ME 72459",2024-11-22 14:50:29,active
71,benjamin67,$2b$12$FfG9n3YCX1h/sCnTbFjavuvPJW729qO7TYUAkGEuSd2HJq99uo1ya,hallkelli@example.org,330.824.1957,"90290 Susan Fall Apt. 599
Martinezchester, SD 41436",2024-11-24 08:48:26,active
72,mmartin,$2b$12$2CNZ/Zeev7WifhkpUTIWLuuc3ZhIvD.VfIao6tD00TUTrEUy691ry,wwilliams@example.com,(341)761-3790,"28752 Chelsea Mews Suite 189
East Christina, HI 26849",2024-08-19 07:42:21,active
73,daniellebrown,$2b$12$lzbbnTFXJ.z0/Y7ETG/AK.rezYP2rQsweCIDjPkeamUnQENAoRI8e,hurleykaren@example.com,(338)610-3815,"USS Herring
FPO AP 20095",2024-05-24 14:20:56,active
74,sandra02,$2b$12$2z22g0nK1HZ/EMJdUdb1le3WPcsuQuQYV4LFgm4CuHuZRae0pWAHG,benjamin94@example.net,001-472-314-273,"17567 Dean Plaza Apt. 398
Charleschester, MO 18577",2024-02-08 12:07:26,active
75,david09,$2b$12$QAtpgYeN.dH2vcXV1YC5merAe3dt.mG1cRiZLuJzr1djA6Mfy2lMi,plester@example.com,(394)870-6199x5,"932 Andrea Spring Suite 545
Charlesville, CA 13035",2024-05-13 13:27:54,active
76,michael36,$2b$12$TLgrwv1rhwUHkFCYAMGg6uzeEpxbadDdLJnhxEw7CBrNjBMFavBxi,jill62@example.org,846.616.7784,"325 White Fort
South Kenneth, CA 99047",2023-12-27 02:09:39,active
77,armstronglawrence,$2b$12$2xM2wnnZdAvFaqxW.qtpY.U5YqxTytjY5FVDJu58Ac5UNVOI6zy4W,henrytodd@example.org,577.532.2537x75,"020 Elijah Union Suite 412
South Laura, TX 36842",2024-07-09 21:48:09,active
78,xmaxwell,$2b$12$vxa99ZSxQm/.T.I.zh86E.UQKT5Dwho1/MtyBcR/7lmxB9DsPzVZO,medinachristopher@example.org,703-648-1052x82,"63447 Ryan Greens Suite 885
Ruizview, TN 04360",2024-03-03 08:54:51,active
79,tjacobs,$2b$12$bsiLKEdcy3Hg0xFTCzIjx.hfZwvcdyqxHa.u5toXmcCkyKAbcEvS.,barbara37@example.net,443-258-0533x23,"236 Meadows Corners
Port Justin, NM 93929",2024-02-04 09:28:13,active
80,marystephenson,$2b$12$HP9ZCPoYmjs/0Ib/9LIi6eZCj3uJ.cHIIh6.bojZiMvtymzWwnIly,adavis@example.org,+1-340-447-4125,"213 Patricia Crossing
South Thomas, FL 27657",2024-03-23 18:08:00,active
81,vbell,$2b$12$9bIhvYcuWAGJdT1PyXJUmuZE2dld5exgNnSHywyGC6JSK4ekUdWH.,dthompson@example.org,+1-297-863-5533,"546 Tracy Stravenue
Port Rebecca, MO 32610",2024-11-27 00:41:27,active
82,sharon57,$2b$12$efADU56C1nuLgpPCBp9WEuXfM/i9ZNe9VShEEqX7/8.7bTNhO8Fuq,igarcia@example.org,(984)894-7225x2,"1667 Amy Alley Suite 166
East Maryport, RI 52427",2024-04-28 07:25:39,active
83,walshanthony,$2b$12$fRM2GddlTQB9oZH1HsHBr.mlDWhNE.JDgEJU542790/UckejtiVUa,brianna08@example.org,215.333.6805x59,"811 Fox Green
Brownhaven, WY 48465",2024-11-09 18:18:52,active
84,david99,$2b$12$CpbFtgv02r6Go1PddFVcHe3deMITUHHd2pfumBtNuj8loExuVxQWG,hoovereric@example.com,001-490-859-821,"1196 Lopez Trail
Port Aaronport, NV 47499",2024-03-07 19:10:23,active
85,courtneywalker,$2b$12$5e9Kcx5eDErst.9.43c3a.G9NN/Y7daHoYSislKrmC5EIFRFNfRVe,cameronmorgan@example.org,001-575-249-319,"223 Jose Well
Robertsonfort, VI 17775",2023-12-25 12:27:42,active
86,michaelgalloway,$2b$12$dIJGKkHBXHSI0GUWR1IBz.aCTVR42TndR6xmLbU/MQodf0QEsPPuK,wanda78@example.org,+1-253-473-1450,"Unit 9561 Box 2939
DPO AA 11043",2024-09-26 16:22:12,active
87,miranda58,$2b$12$2sshxEimAZerJk86JcOHbeofkppGZIuBQVDK72/bX2//dFVARQWgK,kimberly38@example.com,976-854-4940x45,"9203 Kevin Estate Suite 817
Port Lindsay, MA 46571",2023-12-24 02:58:40,active
88,ifritz,$2b$12$3caPG7LNe74j0HWwuoJDD.Jflx6hjt37eeDaESCRzpxMEn8qbRzfi,lopezchad@example.org,+1-732-602-8313,"2644 Horton Falls
East Brandifort, GU 64249",2024-03-12 03:35:57,active
89,williamscrystal,$2b$12$AVZ9iu4q/UIh45fGcYiqleibKbD674M9iBFNKRC70wJkhXYLT52Hi,william50@example.net,+1-784-307-2890,"24258 Joshua Ford
North Ryanhaven, KY 88468",2024-03-14 22:09:15,active
90,kimberly55,$2b$12$emwMJqCTpwWVmmwiSE2AD.HkNztB3Nwr9aM/7qm9giGp7sBvcXiKK,alexanderrobert@example.net,676.611.8491,"134 Owens Park Apt. 272
East Erikaburgh, MS 54892",2023-12-19 17:28:51,active
91,lisatucker,$2b$12$FG3dmmUe6HEZ2oJCSFNBgeRXUQwXtvX0SrETVC4ssEy8t31YIIcYe,sabrinabrooks@example.com,323-621-6746,"902 William Expressway Suite 701
New Samantha, NV 11732",2024-06-29 18:25:01,active
92,ramirezpaula,$2b$12$T0nG3OB3VXWurSCxLEf.o.lzbab5paPspKLpiFH25/ai3zzHEe3HK,bryannelson@example.org,(941)270-8028x4,"4252 Cowan Curve Apt. 297
Gibsonborough, TX 27430",2024-04-14 01:36:33,active
93,ipowell,$2b$12$8zDBISKCnOx5iaQy2BfSAO30tSOo9wHCNX6P1a2ct8MSNADqTx7Pm,jesse42@example.org,(678)859-7098,"9972 Jorge Hollow Suite 357
Julialand, IL 03280",2023-12-31 03:25:22,active
94,cynthia67,$2b$12$hpnef3GcCCSwpzN62orGO.Y3gWozSbK5zgKwi3EyvvvRnfSdXEI8e,thomas50@example.net,7133611314,"0269 Madison Tunnel
Mooretown, FL 33738",2024-03-03 02:44:29,active
95,lorraine52,$2b$12$zl41ZvRcx9jR8.d4axuEf.p.q78irfqyugik1GVRujRSLq9goalWy,joelhudson@example.org,308.871.0383,"530 Rebecca Village
Millershire, MA 08275",2024-04-09 19:32:19,active
96,mariaspencer,$2b$12$y5/WD.t.9VJmmu4Np4K3FeYZchAPoiWvONEsXQO1knpSbmI9jlxqq,amanda15@example.org,416-914-7569,"0218 Thomas Creek
Rebeccashire, AK 74767",2024-01-12 14:32:35,active
97,carol00,$2b$12$JJ5C7AYZtBF0QIDSanGepe9eWDLitSj6.AnrLNmIpDW03i5SfYK82,georgeleach@example.com,5739961285,"570 Laura Lake
Port Theresaport, ND 23325",2024-09-15 00:04:27,active
98,francis10,$2b$12$7koUQhqGa/39IT1Oxi9RneTiOCUMDpYzwZKNVIkTbblQek/YVd82u,shannongonzalez@example.com,916.428.9949x79,"Unit 5292 Box 5018
DPO AA 69971",2024-11-06 14:18:26,active
99,terryheather,$2b$12$mJKyjqbvzS2Zon7ovT8iyOWzhJ7yJpMmYZwADSj2WHsMz7cnoyhyC,anita22@example.net,+1-815-825-3106,"7252 Kelley Streets Apt. 522
East Isaiahton, TN 87743",2024-08-03 22:11:42,active
100,andrew39,$2b$12$Yu5QvjsGtM8c4fwnL53fPepYWctwhFNGYB4aPQYxQPlDaowwG1h/y,joelhopkins@example.org,934-308-7956,"6722 Perry Passage Apt. 616
Smithtown, GU 63279",2024-11-15 11:18:20,active
